ID,Movie Name
tt0398974,Dr. Shaitan
tt1702558,Nadir Khan
tt0493437,Apna Sapna Money Money
tt0273405,Aag Aur Sholay
tt0049595,Parivar
tt2930026,Humraah: The Traitor
tt6597160,Jacqueline I Am Coming
tt0829459,A Mighty Heart
tt0154875,Midnight Mail
tt0364628,Raktalekha
tt0364733,Veedevadandi Babu
tt8272296,A Mayalu Timi Lai
tt5684550,Da Tang Xuan Zang
tt0250733,Sikandar
tt1407272,Pehla Qadam
tt0318983,Amman Koil Kizhakkaalae
tt3148392,Shatru
tt7836398,Kamal Khatri Feat. Simpal Kharel: Jaula Relaima
tt0376353,Zinda Jala Doonga
tt2302945,Tukaram
tt6517874,Ramante Edenthottam
tt0150519,Faslah
tt4820566,Jawani Ki Ghabrahat
tt0318296,Anbu Chinnam
tt12717866,Naveed
tt12701012,Ramudu Bheemudu
tt3466016,Vaade Kavali
tt4654666,Aakhri Muqabla
tt1319563,Dracula
tt0398130,Jahanara
tt0065764,Geet
tt2707908,Sej Piya Ki
tt3509698,Sati Sita Luv Kush
tt1575647,Nuvvu Vasthavani
tt0357879,Madadgaar
tt1827428,Hamra Se Biyah Karba
tt0351354,Milan Ki Raat
tt0213519,Bhool Bhulaiyan
tt0246905,Saajan Chale Sasural
tt1582519,Khaleja
tt6682124,Rogue
tt6882630,Bhale Bullodu
tt0397478,Jaal
tt0464849,Yuvakudu
tt13276010,Goolihatti
tt0139306,Hamara Ghar
tt10515954,Olessia
tt5159256,Prohibited
tt1039989,Sunday
tt2761622,Spy in Goa
tt8622232,Time to Dance
tt0109922,Gopi Kishan
tt0187351,Nigahen: Nagina Part II
tt5026204,Dobara Phir Se
tt2373666,Pagaivan
tt1245732,Red Alert: The War Within
tt0273409,Adhikar
tt4601930,Hasta Melapa
tt0242476,Gangavatarana
tt0449814,Amnol Sahara
tt0442625,Waqt Ka Shahenshah
tt3666258,Coffee Bloom
tt0266712,Laila Majnu
tt3209556,Vidiyum Munn
tt6120732,Olappeeppi
tt3681344,Duniya Ke Rangeen Raatein
tt8243058,Timi Sanga
tt0267796,Oho Naa Pellanta
tt14189052,Ivanu Thumba Orata
tt0246433,Apnapan
tt1606327,Saath Laakh
tt1502852,Insaan
tt7419244,Takrav
tt2980794,Highway
tt1524568,Pratipaksha
tt3521136,Har Raat Naya Khiladi
tt13057434,Naanaage Naanillai
tt0243125,Atma Tarang
tt2942618,Dehorokkhi: The Bodyguard
tt2777694,Beru